{
  "intents": [
    {
      "triggerQueries": [
        "how to make outbound call"
      ],
      "dialogId": "new_topic_49e5de9d44414c05827fa3694894752a",
      "isTriggeringEnabled": true,
      "id": "new_topic_49e5de9d44414c05827fa3694894752a",
      "displayName": "HowToMakeOutboundCall",
      "createdTime": "2022-03-25T03:55:32.3049631Z",
      "updatedTime": "2022-03-31T18:40:01.5085909Z",
      "createdUserId": "23c5758b-fc82-4e7c-b322-2cd3b1cb5a74",
      "updatedUserId": "23c5758b-fc82-4e7c-b322-2cd3b1cb5a74"
    }
  ],
  "dialogs": [
    {
      "rootNodeId": "878a4919-0ed7-4a7a-b6c5-a7820de4acf4",
      "messageNodes": [
        {
          "botMessageId": "a1bd35d8-9d31-474a-afd7-ef19b9870491",
          "nodeType": "BotMessageNode",
          "id": "14c9d807-f984-40bf-b821-08eb52c70627",
          "defaultTargetNodeId": "482d7605-d2a8-4c33-b07b-29058ce20bfb"
        }
      ],
      "dialogChangeNodes": [
        {
          "targetDialogId": "new_bot_f4470e3509a54c2084eb8ce2456fe23a.vaicOutboundCall.dialog",
          "nodeType": "DialogChangeNode",
          "inputParameterVariableIdMap": {
            "number": "{32eb101e-51bb-44dd-812c-ff8a612cc47b}"
          },
          "id": "482d7605-d2a8-4c33-b07b-29058ce20bfb"
        },
        {
          "targetDialogId": "new_bot_f4470e3509a54c2084eb8ce2456fe23a.SetProperty.dialog",
          "nodeType": "DialogChangeNode",
          "inputParameterVariableIdMap": {
            "value": "13015551212"
          },
          "outputExpressionVariableIds": [
            "32eb101e-51bb-44dd-812c-ff8a612cc47b"
          ],
          "id": "878a4919-0ed7-4a7a-b6c5-a7820de4acf4",
          "defaultTargetNodeId": "14c9d807-f984-40bf-b821-08eb52c70627"
        }
      ],
      "id": "new_topic_49e5de9d44414c05827fa3694894752a",
      "displayName": "Untitled",
      "createdTime": "2022-03-25T03:55:32.3049631Z",
      "updatedTime": "2022-03-31T18:40:01.5085909Z",
      "createdUserId": "23c5758b-fc82-4e7c-b322-2cd3b1cb5a74",
      "updatedUserId": "23c5758b-fc82-4e7c-b322-2cd3b1cb5a74"
    }
  ],
  "botMessages": [
    {
      "channelContent": {
        "web": {
          "contentFormat": "Markdown",
          "content": "Making outbound call to {32eb101e-51bb-44dd-812c-ff8a612cc47b}"
        }
      },
      "id": "a1bd35d8-9d31-474a-afd7-ef19b9870491",
      "createdTime": "2022-03-25T04:03:56.567Z",
      "updatedTime": "2022-03-25T04:03:56.567Z",
      "createdUserId": "user-0",
      "updatedUserId": "user-0"
    }
  ],
  "contextVariables": [
    {
      "systemType": "String",
      "initializerType": "Expression",
      "scope": "Dialog",
      "greedySlotFillingEnabled": false,
      "isInput": false,
      "externalInitializationAllowed": false,
      "expression": "{result.value}",
      "isGlobal": false,
      "id": "32eb101e-51bb-44dd-812c-ff8a612cc47b",
      "displayName": "numberToCall",
      "createdTime": "2022-03-31T18:00:47.749Z",
      "updatedTime": "2022-03-31T18:40:01.5085909Z",
      "createdUserId": "user-0",
      "updatedUserId": "23c5758b-fc82-4e7c-b322-2cd3b1cb5a74"
    }
  ]
}