<bot_botcomponentset>
  <bot_botcomponent botcomponentid.schemaname="new_bot_f4470e3509a54c2084eb8ce2456fe23a.ComposerTopicsVersionNumber.dialog.en_US.lg" botid.schemaname="new_bot_f4470e3509a54c2084eb8ce2456fe23a">
    <iscustomizable>1</iscustomizable>
  </bot_botcomponent>
  <bot_botcomponent botcomponentid.schemaname="new_bot_f4470e3509a54c2084eb8ce2456fe23a.ComposerTopicsVersionNumber.dialog.en_US.lu" botid.schemaname="new_bot_f4470e3509a54c2084eb8ce2456fe23a">
    <iscustomizable>1</iscustomizable>
  </bot_botcomponent>
  <bot_botcomponent botcomponentid.schemaname="new_bot_f4470e3509a54c2084eb8ce2456fe23a.ComposerTopicsVersionNumber.dialog" botid.schemaname="new_bot_f4470e3509a54c2084eb8ce2456fe23a">
    <iscustomizable>1</iscustomizable>
  </bot_botcomponent>
  <bot_botcomponent botcomponentid.schemaname="new_bot_f4470e3509a54c2084eb8ce2456fe23a.ComposerTopicsVersionNumber.dialog.schema" botid.schemaname="new_bot_f4470e3509a54c2084eb8ce2456fe23a">
    <iscustomizable>1</iscustomizable>
  </bot_botcomponent>
  <bot_botcomponent botcomponentid.schemaname="new_bot_f4470e3509a54c2084eb8ce2456fe23a.GetConversationId.dialog.en_US.lg" botid.schemaname="new_bot_f4470e3509a54c2084eb8ce2456fe23a">
    <iscustomizable>1</iscustomizable>
  </bot_botcomponent>
  <bot_botcomponent botcomponentid.schemaname="new_bot_f4470e3509a54c2084eb8ce2456fe23a.GetConversationId.dialog.en_US.lu" botid.schemaname="new_bot_f4470e3509a54c2084eb8ce2456fe23a">
    <iscustomizable>1</iscustomizable>
  </bot_botcomponent>
  <bot_botcomponent botcomponentid.schemaname="new_bot_f4470e3509a54c2084eb8ce2456fe23a.GetConversationId.dialog" botid.schemaname="new_bot_f4470e3509a54c2084eb8ce2456fe23a">
    <iscustomizable>1</iscustomizable>
  </bot_botcomponent>
  <bot_botcomponent botcomponentid.schemaname="new_bot_f4470e3509a54c2084eb8ce2456fe23a.GetConversationId.dialog.schema" botid.schemaname="new_bot_f4470e3509a54c2084eb8ce2456fe23a">
    <iscustomizable>1</iscustomizable>
  </bot_botcomponent>
  <bot_botcomponent botcomponentid.schemaname="new_bot_f4470e3509a54c2084eb8ce2456fe23a.SetProperty.dialog.en_US.lg" botid.schemaname="new_bot_f4470e3509a54c2084eb8ce2456fe23a">
    <iscustomizable>1</iscustomizable>
  </bot_botcomponent>
  <bot_botcomponent botcomponentid.schemaname="new_bot_f4470e3509a54c2084eb8ce2456fe23a.SetProperty.dialog.en_US.lu" botid.schemaname="new_bot_f4470e3509a54c2084eb8ce2456fe23a">
    <iscustomizable>1</iscustomizable>
  </bot_botcomponent>
  <bot_botcomponent botcomponentid.schemaname="new_bot_f4470e3509a54c2084eb8ce2456fe23a.SetProperty.dialog" botid.schemaname="new_bot_f4470e3509a54c2084eb8ce2456fe23a">
    <iscustomizable>1</iscustomizable>
  </bot_botcomponent>
  <bot_botcomponent botcomponentid.schemaname="new_bot_f4470e3509a54c2084eb8ce2456fe23a.SetProperty.dialog.schema" botid.schemaname="new_bot_f4470e3509a54c2084eb8ce2456fe23a">
    <iscustomizable>1</iscustomizable>
  </bot_botcomponent>
  <bot_botcomponent botcomponentid.schemaname="new_bot_f4470e3509a54c2084eb8ce2456fe23a.ShowSSMLmessage.dialog.en_US.lg" botid.schemaname="new_bot_f4470e3509a54c2084eb8ce2456fe23a">
    <iscustomizable>1</iscustomizable>
  </bot_botcomponent>
  <bot_botcomponent botcomponentid.schemaname="new_bot_f4470e3509a54c2084eb8ce2456fe23a.ShowSSMLmessage.dialog.en_US.lu" botid.schemaname="new_bot_f4470e3509a54c2084eb8ce2456fe23a">
    <iscustomizable>1</iscustomizable>
  </bot_botcomponent>
  <bot_botcomponent botcomponentid.schemaname="new_bot_f4470e3509a54c2084eb8ce2456fe23a.ShowSSMLmessage.dialog" botid.schemaname="new_bot_f4470e3509a54c2084eb8ce2456fe23a">
    <iscustomizable>1</iscustomizable>
  </bot_botcomponent>
  <bot_botcomponent botcomponentid.schemaname="new_bot_f4470e3509a54c2084eb8ce2456fe23a.ShowSSMLmessage.dialog.schema" botid.schemaname="new_bot_f4470e3509a54c2084eb8ce2456fe23a">
    <iscustomizable>1</iscustomizable>
  </bot_botcomponent>
  <bot_botcomponent botcomponentid.schemaname="new_bot_f4470e3509a54c2084eb8ce2456fe23a.vaicChangeSetting.dialog.en_US.lg" botid.schemaname="new_bot_f4470e3509a54c2084eb8ce2456fe23a">
    <iscustomizable>1</iscustomizable>
  </bot_botcomponent>
  <bot_botcomponent botcomponentid.schemaname="new_bot_f4470e3509a54c2084eb8ce2456fe23a.vaicChangeSetting.dialog.en_US.lu" botid.schemaname="new_bot_f4470e3509a54c2084eb8ce2456fe23a">
    <iscustomizable>1</iscustomizable>
  </bot_botcomponent>
  <bot_botcomponent botcomponentid.schemaname="new_bot_f4470e3509a54c2084eb8ce2456fe23a.vaicChangeSetting.dialog" botid.schemaname="new_bot_f4470e3509a54c2084eb8ce2456fe23a">
    <iscustomizable>1</iscustomizable>
  </bot_botcomponent>
  <bot_botcomponent botcomponentid.schemaname="new_bot_f4470e3509a54c2084eb8ce2456fe23a.vaicChangeSetting.dialog.schema" botid.schemaname="new_bot_f4470e3509a54c2084eb8ce2456fe23a">
    <iscustomizable>1</iscustomizable>
  </bot_botcomponent>
  <bot_botcomponent botcomponentid.schemaname="new_bot_f4470e3509a54c2084eb8ce2456fe23a.vaicDisconnectCall.dialog.en_US.lg" botid.schemaname="new_bot_f4470e3509a54c2084eb8ce2456fe23a">
    <iscustomizable>1</iscustomizable>
  </bot_botcomponent>
  <bot_botcomponent botcomponentid.schemaname="new_bot_f4470e3509a54c2084eb8ce2456fe23a.vaicDisconnectCall.dialog.en_US.lu" botid.schemaname="new_bot_f4470e3509a54c2084eb8ce2456fe23a">
    <iscustomizable>1</iscustomizable>
  </bot_botcomponent>
  <bot_botcomponent botcomponentid.schemaname="new_bot_f4470e3509a54c2084eb8ce2456fe23a.vaicDisconnectCall.dialog" botid.schemaname="new_bot_f4470e3509a54c2084eb8ce2456fe23a">
    <iscustomizable>1</iscustomizable>
  </bot_botcomponent>
  <bot_botcomponent botcomponentid.schemaname="new_bot_f4470e3509a54c2084eb8ce2456fe23a.vaicGlobalVariableTest.dialog.en_US.lg" botid.schemaname="new_bot_f4470e3509a54c2084eb8ce2456fe23a">
    <iscustomizable>1</iscustomizable>
  </bot_botcomponent>
  <bot_botcomponent botcomponentid.schemaname="new_bot_f4470e3509a54c2084eb8ce2456fe23a.vaicGlobalVariableTest.dialog.en_US.lu" botid.schemaname="new_bot_f4470e3509a54c2084eb8ce2456fe23a">
    <iscustomizable>1</iscustomizable>
  </bot_botcomponent>
  <bot_botcomponent botcomponentid.schemaname="new_bot_f4470e3509a54c2084eb8ce2456fe23a.vaicGlobalVariableTest.dialog" botid.schemaname="new_bot_f4470e3509a54c2084eb8ce2456fe23a">
    <iscustomizable>1</iscustomizable>
  </bot_botcomponent>
  <bot_botcomponent botcomponentid.schemaname="new_bot_f4470e3509a54c2084eb8ce2456fe23a.vaicMessageScopedBargeIn.dialog.en_US.lg" botid.schemaname="new_bot_f4470e3509a54c2084eb8ce2456fe23a">
    <iscustomizable>1</iscustomizable>
  </bot_botcomponent>
  <bot_botcomponent botcomponentid.schemaname="new_bot_f4470e3509a54c2084eb8ce2456fe23a.vaicMessageScopedBargeIn.dialog.en_US.lu" botid.schemaname="new_bot_f4470e3509a54c2084eb8ce2456fe23a">
    <iscustomizable>1</iscustomizable>
  </bot_botcomponent>
  <bot_botcomponent botcomponentid.schemaname="new_bot_f4470e3509a54c2084eb8ce2456fe23a.vaicMessageScopedBargeIn.dialog" botid.schemaname="new_bot_f4470e3509a54c2084eb8ce2456fe23a">
    <iscustomizable>1</iscustomizable>
  </bot_botcomponent>
  <bot_botcomponent botcomponentid.schemaname="new_bot_f4470e3509a54c2084eb8ce2456fe23a.vaicMessageScopedBargeIn.dialog.schema" botid.schemaname="new_bot_f4470e3509a54c2084eb8ce2456fe23a">
    <iscustomizable>1</iscustomizable>
  </bot_botcomponent>
  <bot_botcomponent botcomponentid.schemaname="new_bot_f4470e3509a54c2084eb8ce2456fe23a.vaicOutboundCall.dialog.en_US.lg" botid.schemaname="new_bot_f4470e3509a54c2084eb8ce2456fe23a">
    <iscustomizable>1</iscustomizable>
  </bot_botcomponent>
  <bot_botcomponent botcomponentid.schemaname="new_bot_f4470e3509a54c2084eb8ce2456fe23a.vaicOutboundCall.dialog.en_US.lu" botid.schemaname="new_bot_f4470e3509a54c2084eb8ce2456fe23a">
    <iscustomizable>1</iscustomizable>
  </bot_botcomponent>
  <bot_botcomponent botcomponentid.schemaname="new_bot_f4470e3509a54c2084eb8ce2456fe23a.vaicOutboundCall.dialog" botid.schemaname="new_bot_f4470e3509a54c2084eb8ce2456fe23a">
    <iscustomizable>1</iscustomizable>
  </bot_botcomponent>
  <bot_botcomponent botcomponentid.schemaname="new_bot_f4470e3509a54c2084eb8ce2456fe23a.vaicOutboundCall.dialog.schema" botid.schemaname="new_bot_f4470e3509a54c2084eb8ce2456fe23a">
    <iscustomizable>1</iscustomizable>
  </bot_botcomponent>
  <bot_botcomponent botcomponentid.schemaname="new_bot_f4470e3509a54c2084eb8ce2456fe23a.vaicRecord.dialog.en_US.lg" botid.schemaname="new_bot_f4470e3509a54c2084eb8ce2456fe23a">
    <iscustomizable>1</iscustomizable>
  </bot_botcomponent>
  <bot_botcomponent botcomponentid.schemaname="new_bot_f4470e3509a54c2084eb8ce2456fe23a.vaicRecord.dialog.en_US.lu" botid.schemaname="new_bot_f4470e3509a54c2084eb8ce2456fe23a">
    <iscustomizable>1</iscustomizable>
  </bot_botcomponent>
  <bot_botcomponent botcomponentid.schemaname="new_bot_f4470e3509a54c2084eb8ce2456fe23a.vaicRecord.dialog" botid.schemaname="new_bot_f4470e3509a54c2084eb8ce2456fe23a">
    <iscustomizable>1</iscustomizable>
  </bot_botcomponent>
  <bot_botcomponent botcomponentid.schemaname="new_bot_f4470e3509a54c2084eb8ce2456fe23a.vaicRecord.dialog.schema" botid.schemaname="new_bot_f4470e3509a54c2084eb8ce2456fe23a">
    <iscustomizable>1</iscustomizable>
  </bot_botcomponent>
  <bot_botcomponent botcomponentid.schemaname="new_bot_f4470e3509a54c2084eb8ce2456fe23a.vaicTransferCall.dialog.en_US.lg" botid.schemaname="new_bot_f4470e3509a54c2084eb8ce2456fe23a">
    <iscustomizable>1</iscustomizable>
  </bot_botcomponent>
  <bot_botcomponent botcomponentid.schemaname="new_bot_f4470e3509a54c2084eb8ce2456fe23a.vaicTransferCall.dialog.en_US.lu" botid.schemaname="new_bot_f4470e3509a54c2084eb8ce2456fe23a">
    <iscustomizable>1</iscustomizable>
  </bot_botcomponent>
  <bot_botcomponent botcomponentid.schemaname="new_bot_f4470e3509a54c2084eb8ce2456fe23a.vaicTransferCall.dialog" botid.schemaname="new_bot_f4470e3509a54c2084eb8ce2456fe23a">
    <iscustomizable>1</iscustomizable>
  </bot_botcomponent>
  <bot_botcomponent botcomponentid.schemaname="new_bot_f4470e3509a54c2084eb8ce2456fe23a.vaicTransferCall.dialog.schema" botid.schemaname="new_bot_f4470e3509a54c2084eb8ce2456fe23a">
    <iscustomizable>1</iscustomizable>
  </bot_botcomponent>
  <bot_botcomponent botcomponentid.schemaname="new_customtype_f4470e3509a54c2084eb8ce2456fe23a_92610204747047ac8f788f7eecd91118" botid.schemaname="new_bot_f4470e3509a54c2084eb8ce2456fe23a">
    <iscustomizable>1</iscustomizable>
  </bot_botcomponent>
  <bot_botcomponent botcomponentid.schemaname="new_customtype_f4470e3509a54c2084eb8ce2456fe23a_f86fcadfd497444e91ed11c12b059d10" botid.schemaname="new_bot_f4470e3509a54c2084eb8ce2456fe23a">
    <iscustomizable>1</iscustomizable>
  </bot_botcomponent>
  <bot_botcomponent botcomponentid.schemaname="new_topic_0d52ad6672d64b78b600241d30a745a3" botid.schemaname="new_bot_f4470e3509a54c2084eb8ce2456fe23a">
    <iscustomizable>1</iscustomizable>
  </bot_botcomponent>
  <bot_botcomponent botcomponentid.schemaname="new_topic_191f0e5827b44ebf9b7527bb00d80df6" botid.schemaname="new_bot_f4470e3509a54c2084eb8ce2456fe23a">
    <iscustomizable>1</iscustomizable>
  </bot_botcomponent>
  <bot_botcomponent botcomponentid.schemaname="new_topic_1c9c9c9a260e4e1bbe00aba6dd9b7871" botid.schemaname="new_bot_f4470e3509a54c2084eb8ce2456fe23a">
    <iscustomizable>1</iscustomizable>
  </bot_botcomponent>
  <bot_botcomponent botcomponentid.schemaname="new_topic_2901401d0936408d93a97d1bd09b8ace" botid.schemaname="new_bot_f4470e3509a54c2084eb8ce2456fe23a">
    <iscustomizable>1</iscustomizable>
  </bot_botcomponent>
  <bot_botcomponent botcomponentid.schemaname="new_topic_2caffbc2486a484d8345929b273bf91a" botid.schemaname="new_bot_f4470e3509a54c2084eb8ce2456fe23a">
    <iscustomizable>1</iscustomizable>
  </bot_botcomponent>
  <bot_botcomponent botcomponentid.schemaname="new_topic_3a346272838048c3881b7a215280341e" botid.schemaname="new_bot_f4470e3509a54c2084eb8ce2456fe23a">
    <iscustomizable>1</iscustomizable>
  </bot_botcomponent>
  <bot_botcomponent botcomponentid.schemaname="new_topic_49e5de9d44414c05827fa3694894752a" botid.schemaname="new_bot_f4470e3509a54c2084eb8ce2456fe23a">
    <iscustomizable>1</iscustomizable>
  </bot_botcomponent>
  <bot_botcomponent botcomponentid.schemaname="new_topic_5ddb372fd33c4363b6ae2219d8e227b5" botid.schemaname="new_bot_f4470e3509a54c2084eb8ce2456fe23a">
    <iscustomizable>1</iscustomizable>
  </bot_botcomponent>
  <bot_botcomponent botcomponentid.schemaname="new_topic_72910ee8e57a41fc87dfab651f7be99b" botid.schemaname="new_bot_f4470e3509a54c2084eb8ce2456fe23a">
    <iscustomizable>1</iscustomizable>
  </bot_botcomponent>
  <bot_botcomponent botcomponentid.schemaname="new_topic_84596e8ef5314f70aa3f4cd03f99fac4" botid.schemaname="new_bot_f4470e3509a54c2084eb8ce2456fe23a">
    <iscustomizable>1</iscustomizable>
  </bot_botcomponent>
  <bot_botcomponent botcomponentid.schemaname="new_topic_93a05bfbfa724601a7cbad5e24e810d5" botid.schemaname="new_bot_f4470e3509a54c2084eb8ce2456fe23a">
    <iscustomizable>1</iscustomizable>
  </bot_botcomponent>
  <bot_botcomponent botcomponentid.schemaname="new_topic_9f710f881be14c9e966fa7bcb97bbeae" botid.schemaname="new_bot_f4470e3509a54c2084eb8ce2456fe23a">
    <iscustomizable>1</iscustomizable>
  </bot_botcomponent>
  <bot_botcomponent botcomponentid.schemaname="new_topic_a5713f406e0c4646a1429dd69a577d89" botid.schemaname="new_bot_f4470e3509a54c2084eb8ce2456fe23a">
    <iscustomizable>1</iscustomizable>
  </bot_botcomponent>
  <bot_botcomponent botcomponentid.schemaname="new_topic_adda5176cd1a4d83903d033602b8c723" botid.schemaname="new_bot_f4470e3509a54c2084eb8ce2456fe23a">
    <iscustomizable>1</iscustomizable>
  </bot_botcomponent>
  <bot_botcomponent botcomponentid.schemaname="new_topic_df2871ae4a7b456eaf9914b493b9d1d8" botid.schemaname="new_bot_f4470e3509a54c2084eb8ce2456fe23a">
    <iscustomizable>1</iscustomizable>
  </bot_botcomponent>
  <bot_botcomponent botcomponentid.schemaname="new_topic_df94884f369346b3a86d6554618eacea" botid.schemaname="new_bot_f4470e3509a54c2084eb8ce2456fe23a">
    <iscustomizable>1</iscustomizable>
  </bot_botcomponent>
  <bot_botcomponent botcomponentid.schemaname="new_topic_e44d29a6bca642da88d083743e93c3a5" botid.schemaname="new_bot_f4470e3509a54c2084eb8ce2456fe23a">
    <iscustomizable>1</iscustomizable>
  </bot_botcomponent>
  <bot_botcomponent botcomponentid.schemaname="new_topic_efa07655ee344010ab27d567f5116e70" botid.schemaname="new_bot_f4470e3509a54c2084eb8ce2456fe23a">
    <iscustomizable>1</iscustomizable>
  </bot_botcomponent>
  <bot_botcomponent botcomponentid.schemaname="new_topic_f4470e3509a54c2084eb8ce2456fe23a_21a34f1673a24096a99ba0effb63cc1d" botid.schemaname="new_bot_f4470e3509a54c2084eb8ce2456fe23a">
    <iscustomizable>1</iscustomizable>
  </bot_botcomponent>
  <bot_botcomponent botcomponentid.schemaname="new_topic_f4470e3509a54c2084eb8ce2456fe23a_33d5123770ba4daeafae51b361ddc80a" botid.schemaname="new_bot_f4470e3509a54c2084eb8ce2456fe23a">
    <iscustomizable>1</iscustomizable>
  </bot_botcomponent>
  <bot_botcomponent botcomponentid.schemaname="new_topic_f4470e3509a54c2084eb8ce2456fe23a_3d2584ec30914684839527e05e7be172_thankyou" botid.schemaname="new_bot_f4470e3509a54c2084eb8ce2456fe23a">
    <iscustomizable>1</iscustomizable>
  </bot_botcomponent>
  <bot_botcomponent botcomponentid.schemaname="new_topic_f4470e3509a54c2084eb8ce2456fe23a_85df75ce08a44a9b82cc8f3fdb25f669" botid.schemaname="new_bot_f4470e3509a54c2084eb8ce2456fe23a">
    <iscustomizable>1</iscustomizable>
  </bot_botcomponent>
  <bot_botcomponent botcomponentid.schemaname="new_topic_f4470e3509a54c2084eb8ce2456fe23a_8a4964498f83424bb3a86295bf7d0952_startover" botid.schemaname="new_bot_f4470e3509a54c2084eb8ce2456fe23a">
    <iscustomizable>1</iscustomizable>
  </bot_botcomponent>
  <bot_botcomponent botcomponentid.schemaname="new_topic_f4470e3509a54c2084eb8ce2456fe23a_954135cafcd647eaae5999ad91fc08cf_talktoagent" botid.schemaname="new_bot_f4470e3509a54c2084eb8ce2456fe23a">
    <iscustomizable>1</iscustomizable>
  </bot_botcomponent>
  <bot_botcomponent botcomponentid.schemaname="new_topic_f4470e3509a54c2084eb8ce2456fe23a_aeabea4d071f415c8c107e1cb7af5424_assumedsuccess" botid.schemaname="new_bot_f4470e3509a54c2084eb8ce2456fe23a">
    <iscustomizable>1</iscustomizable>
  </bot_botcomponent>
  <bot_botcomponent botcomponentid.schemaname="new_topic_f4470e3509a54c2084eb8ce2456fe23a_ba7b967c97ba4c39bca58a8bb6a72d59_conversationstart" botid.schemaname="new_bot_f4470e3509a54c2084eb8ce2456fe23a">
    <iscustomizable>1</iscustomizable>
  </bot_botcomponent>
  <bot_botcomponent botcomponentid.schemaname="new_topic_f4470e3509a54c2084eb8ce2456fe23a_d2198a5ee41a48a5bf70ab8970145a9f_confirmedfailure" botid.schemaname="new_bot_f4470e3509a54c2084eb8ce2456fe23a">
    <iscustomizable>1</iscustomizable>
  </bot_botcomponent>
  <bot_botcomponent botcomponentid.schemaname="new_topic_f4470e3509a54c2084eb8ce2456fe23a_db1f76b081dc43389df9dd2df7518737_confirmedsuccess" botid.schemaname="new_bot_f4470e3509a54c2084eb8ce2456fe23a">
    <iscustomizable>1</iscustomizable>
  </bot_botcomponent>
  <bot_botcomponent botcomponentid.schemaname="new_topic_f4470e3509a54c2084eb8ce2456fe23a_dbafebd526364487911b63a2a774389f" botid.schemaname="new_bot_f4470e3509a54c2084eb8ce2456fe23a">
    <iscustomizable>1</iscustomizable>
  </bot_botcomponent>
  <bot_botcomponent botcomponentid.schemaname="new_topic_f4470e3509a54c2084eb8ce2456fe23a_f56d1a3e522740c78f9fac0939332dbd_goodbye" botid.schemaname="new_bot_f4470e3509a54c2084eb8ce2456fe23a">
    <iscustomizable>1</iscustomizable>
  </bot_botcomponent>
  <bot_botcomponent botcomponentid.schemaname="new_topic_f54f845d7c0a4d50bb231ab120b47274" botid.schemaname="new_bot_f4470e3509a54c2084eb8ce2456fe23a">
    <iscustomizable>1</iscustomizable>
  </bot_botcomponent>
  <bot_botcomponent botcomponentid.schemaname="new_variable_f4470e3509a54c2084eb8ce2456fe23a_847e49800b9140e385f3d9f34aeb776a" botid.schemaname="new_bot_f4470e3509a54c2084eb8ce2456fe23a">
    <iscustomizable>1</iscustomizable>
  </bot_botcomponent>
  <bot_botcomponent botcomponentid.schemaname="new_variable_f4470e3509a54c2084eb8ce2456fe23a_e80f86abdfd54cee869b612850fbfaa3" botid.schemaname="new_bot_f4470e3509a54c2084eb8ce2456fe23a">
    <iscustomizable>1</iscustomizable>
  </bot_botcomponent>
  <bot_botcomponent botcomponentid.schemaname="new_variable_f4470e3509a54c2084eb8ce2456fe23a_f9f52aef89ef485b80f10278da20e236" botid.schemaname="new_bot_f4470e3509a54c2084eb8ce2456fe23a">
    <iscustomizable>1</iscustomizable>
  </bot_botcomponent>
</bot_botcomponentset>