<botcomponent_botcomponentset>
  <botcomponent_botcomponent botcomponentidone.schemaname="new_topic_191f0e5827b44ebf9b7527bb00d80df6" botcomponentidtwo.schemaname="new_bot_f4470e3509a54c2084eb8ce2456fe23a.SetProperty.dialog">
    <iscustomizable>1</iscustomizable>
  </botcomponent_botcomponent>
  <botcomponent_botcomponent botcomponentidone.schemaname="new_topic_1c9c9c9a260e4e1bbe00aba6dd9b7871" botcomponentidtwo.schemaname="new_bot_f4470e3509a54c2084eb8ce2456fe23a.GetConversationId.dialog">
    <iscustomizable>1</iscustomizable>
  </botcomponent_botcomponent>
  <botcomponent_botcomponent botcomponentidone.schemaname="new_topic_1c9c9c9a260e4e1bbe00aba6dd9b7871" botcomponentidtwo.schemaname="new_bot_f4470e3509a54c2084eb8ce2456fe23a.vaicRecord.dialog">
    <iscustomizable>1</iscustomizable>
  </botcomponent_botcomponent>
  <botcomponent_botcomponent botcomponentidone.schemaname="new_topic_2901401d0936408d93a97d1bd09b8ace" botcomponentidtwo.schemaname="new_bot_f4470e3509a54c2084eb8ce2456fe23a.GetConversationId.dialog">
    <iscustomizable>1</iscustomizable>
  </botcomponent_botcomponent>
  <botcomponent_botcomponent botcomponentidone.schemaname="new_topic_2901401d0936408d93a97d1bd09b8ace" botcomponentidtwo.schemaname="new_bot_f4470e3509a54c2084eb8ce2456fe23a.vaicRecord.dialog">
    <iscustomizable>1</iscustomizable>
  </botcomponent_botcomponent>
  <botcomponent_botcomponent botcomponentidone.schemaname="new_topic_2caffbc2486a484d8345929b273bf91a" botcomponentidtwo.schemaname="new_bot_f4470e3509a54c2084eb8ce2456fe23a.GetConversationId.dialog">
    <iscustomizable>1</iscustomizable>
  </botcomponent_botcomponent>
  <botcomponent_botcomponent botcomponentidone.schemaname="new_topic_2caffbc2486a484d8345929b273bf91a" botcomponentidtwo.schemaname="new_bot_f4470e3509a54c2084eb8ce2456fe23a.vaicRecord.dialog">
    <iscustomizable>1</iscustomizable>
  </botcomponent_botcomponent>
  <botcomponent_botcomponent botcomponentidone.schemaname="new_topic_49e5de9d44414c05827fa3694894752a" botcomponentidtwo.schemaname="new_bot_f4470e3509a54c2084eb8ce2456fe23a.SetProperty.dialog">
    <iscustomizable>1</iscustomizable>
  </botcomponent_botcomponent>
  <botcomponent_botcomponent botcomponentidone.schemaname="new_topic_49e5de9d44414c05827fa3694894752a" botcomponentidtwo.schemaname="new_bot_f4470e3509a54c2084eb8ce2456fe23a.vaicOutboundCall.dialog">
    <iscustomizable>1</iscustomizable>
  </botcomponent_botcomponent>
  <botcomponent_botcomponent botcomponentidone.schemaname="new_topic_5ddb372fd33c4363b6ae2219d8e227b5" botcomponentidtwo.schemaname="new_bot_f4470e3509a54c2084eb8ce2456fe23a.vaicTransferCall.dialog">
    <iscustomizable>1</iscustomizable>
  </botcomponent_botcomponent>
  <botcomponent_botcomponent botcomponentidone.schemaname="new_topic_72910ee8e57a41fc87dfab651f7be99b" botcomponentidtwo.schemaname="new_bot_f4470e3509a54c2084eb8ce2456fe23a.vaicDisconnectCall.dialog">
    <iscustomizable>1</iscustomizable>
  </botcomponent_botcomponent>
  <botcomponent_botcomponent botcomponentidone.schemaname="new_topic_84596e8ef5314f70aa3f4cd03f99fac4" botcomponentidtwo.schemaname="new_bot_f4470e3509a54c2084eb8ce2456fe23a.ComposerTopicsVersionNumber.dialog">
    <iscustomizable>1</iscustomizable>
  </botcomponent_botcomponent>
  <botcomponent_botcomponent botcomponentidone.schemaname="new_topic_93a05bfbfa724601a7cbad5e24e810d5" botcomponentidtwo.schemaname="new_bot_f4470e3509a54c2084eb8ce2456fe23a.vaicMessageScopedBargeIn.dialog">
    <iscustomizable>1</iscustomizable>
  </botcomponent_botcomponent>
  <botcomponent_botcomponent botcomponentidone.schemaname="new_topic_9f710f881be14c9e966fa7bcb97bbeae" botcomponentidtwo.schemaname="new_bot_f4470e3509a54c2084eb8ce2456fe23a.vaicChangeSetting.dialog">
    <iscustomizable>1</iscustomizable>
  </botcomponent_botcomponent>
  <botcomponent_botcomponent botcomponentidone.schemaname="new_topic_a5713f406e0c4646a1429dd69a577d89" botcomponentidtwo.schemaname="new_bot_f4470e3509a54c2084eb8ce2456fe23a.SetProperty.dialog">
    <iscustomizable>1</iscustomizable>
  </botcomponent_botcomponent>
  <botcomponent_botcomponent botcomponentidone.schemaname="new_topic_a5713f406e0c4646a1429dd69a577d89" botcomponentidtwo.schemaname="new_bot_f4470e3509a54c2084eb8ce2456fe23a.vaicGlobalVariableTest.dialog">
    <iscustomizable>1</iscustomizable>
  </botcomponent_botcomponent>
  <botcomponent_botcomponent botcomponentidone.schemaname="new_topic_a5713f406e0c4646a1429dd69a577d89" botcomponentidtwo.schemaname="new_variable_f4470e3509a54c2084eb8ce2456fe23a_847e49800b9140e385f3d9f34aeb776a">
    <iscustomizable>1</iscustomizable>
  </botcomponent_botcomponent>
  <botcomponent_botcomponent botcomponentidone.schemaname="new_topic_a5713f406e0c4646a1429dd69a577d89" botcomponentidtwo.schemaname="new_variable_f4470e3509a54c2084eb8ce2456fe23a_e80f86abdfd54cee869b612850fbfaa3">
    <iscustomizable>1</iscustomizable>
  </botcomponent_botcomponent>
  <botcomponent_botcomponent botcomponentidone.schemaname="new_topic_a5713f406e0c4646a1429dd69a577d89" botcomponentidtwo.schemaname="new_variable_f4470e3509a54c2084eb8ce2456fe23a_f9f52aef89ef485b80f10278da20e236">
    <iscustomizable>1</iscustomizable>
  </botcomponent_botcomponent>
  <botcomponent_botcomponent botcomponentidone.schemaname="new_topic_adda5176cd1a4d83903d033602b8c723" botcomponentidtwo.schemaname="new_bot_f4470e3509a54c2084eb8ce2456fe23a.GetConversationId.dialog">
    <iscustomizable>1</iscustomizable>
  </botcomponent_botcomponent>
  <botcomponent_botcomponent botcomponentidone.schemaname="new_topic_adda5176cd1a4d83903d033602b8c723" botcomponentidtwo.schemaname="new_bot_f4470e3509a54c2084eb8ce2456fe23a.vaicRecord.dialog">
    <iscustomizable>1</iscustomizable>
  </botcomponent_botcomponent>
  <botcomponent_botcomponent botcomponentidone.schemaname="new_topic_df2871ae4a7b456eaf9914b493b9d1d8" botcomponentidtwo.schemaname="new_bot_f4470e3509a54c2084eb8ce2456fe23a.vaicTransferCall.dialog">
    <iscustomizable>1</iscustomizable>
  </botcomponent_botcomponent>
  <botcomponent_botcomponent botcomponentidone.schemaname="new_topic_df94884f369346b3a86d6554618eacea" botcomponentidtwo.schemaname="new_bot_f4470e3509a54c2084eb8ce2456fe23a.SetProperty.dialog">
    <iscustomizable>1</iscustomizable>
  </botcomponent_botcomponent>
  <botcomponent_botcomponent botcomponentidone.schemaname="new_topic_df94884f369346b3a86d6554618eacea" botcomponentidtwo.schemaname="new_bot_f4470e3509a54c2084eb8ce2456fe23a.vaicTransferCall.dialog">
    <iscustomizable>1</iscustomizable>
  </botcomponent_botcomponent>
  <botcomponent_botcomponent botcomponentidone.schemaname="new_topic_e44d29a6bca642da88d083743e93c3a5" botcomponentidtwo.schemaname="new_bot_f4470e3509a54c2084eb8ce2456fe23a.SetProperty.dialog">
    <iscustomizable>1</iscustomizable>
  </botcomponent_botcomponent>
  <botcomponent_botcomponent botcomponentidone.schemaname="new_topic_e44d29a6bca642da88d083743e93c3a5" botcomponentidtwo.schemaname="new_variable_f4470e3509a54c2084eb8ce2456fe23a_847e49800b9140e385f3d9f34aeb776a">
    <iscustomizable>1</iscustomizable>
  </botcomponent_botcomponent>
  <botcomponent_botcomponent botcomponentidone.schemaname="new_topic_e44d29a6bca642da88d083743e93c3a5" botcomponentidtwo.schemaname="new_variable_f4470e3509a54c2084eb8ce2456fe23a_e80f86abdfd54cee869b612850fbfaa3">
    <iscustomizable>1</iscustomizable>
  </botcomponent_botcomponent>
  <botcomponent_botcomponent botcomponentidone.schemaname="new_topic_efa07655ee344010ab27d567f5116e70" botcomponentidtwo.schemaname="new_bot_f4470e3509a54c2084eb8ce2456fe23a.ShowSSMLmessage.dialog">
    <iscustomizable>1</iscustomizable>
  </botcomponent_botcomponent>
  <botcomponent_botcomponent botcomponentidone.schemaname="new_topic_f4470e3509a54c2084eb8ce2456fe23a_21a34f1673a24096a99ba0effb63cc1d" botcomponentidtwo.schemaname="new_topic_f4470e3509a54c2084eb8ce2456fe23a_aeabea4d071f415c8c107e1cb7af5424_assumedsuccess">
    <iscustomizable>1</iscustomizable>
  </botcomponent_botcomponent>
  <botcomponent_botcomponent botcomponentidone.schemaname="new_topic_f4470e3509a54c2084eb8ce2456fe23a_33d5123770ba4daeafae51b361ddc80a" botcomponentidtwo.schemaname="new_topic_f4470e3509a54c2084eb8ce2456fe23a_aeabea4d071f415c8c107e1cb7af5424_assumedsuccess">
    <iscustomizable>1</iscustomizable>
  </botcomponent_botcomponent>
  <botcomponent_botcomponent botcomponentidone.schemaname="new_topic_f4470e3509a54c2084eb8ce2456fe23a_85df75ce08a44a9b82cc8f3fdb25f669" botcomponentidtwo.schemaname="new_customtype_f4470e3509a54c2084eb8ce2456fe23a_f86fcadfd497444e91ed11c12b059d10">
    <iscustomizable>1</iscustomizable>
  </botcomponent_botcomponent>
  <botcomponent_botcomponent botcomponentidone.schemaname="new_topic_f4470e3509a54c2084eb8ce2456fe23a_85df75ce08a44a9b82cc8f3fdb25f669" botcomponentidtwo.schemaname="new_topic_f4470e3509a54c2084eb8ce2456fe23a_aeabea4d071f415c8c107e1cb7af5424_assumedsuccess">
    <iscustomizable>1</iscustomizable>
  </botcomponent_botcomponent>
  <botcomponent_botcomponent botcomponentidone.schemaname="new_topic_f4470e3509a54c2084eb8ce2456fe23a_8a4964498f83424bb3a86295bf7d0952_startover" botcomponentidtwo.schemaname="new_topic_f4470e3509a54c2084eb8ce2456fe23a_ba7b967c97ba4c39bca58a8bb6a72d59_conversationstart">
    <iscustomizable>1</iscustomizable>
  </botcomponent_botcomponent>
  <botcomponent_botcomponent botcomponentidone.schemaname="new_topic_f4470e3509a54c2084eb8ce2456fe23a_aeabea4d071f415c8c107e1cb7af5424_assumedsuccess" botcomponentidtwo.schemaname="new_topic_f4470e3509a54c2084eb8ce2456fe23a_d2198a5ee41a48a5bf70ab8970145a9f_confirmedfailure">
    <iscustomizable>1</iscustomizable>
  </botcomponent_botcomponent>
  <botcomponent_botcomponent botcomponentidone.schemaname="new_topic_f4470e3509a54c2084eb8ce2456fe23a_aeabea4d071f415c8c107e1cb7af5424_assumedsuccess" botcomponentidtwo.schemaname="new_topic_f4470e3509a54c2084eb8ce2456fe23a_db1f76b081dc43389df9dd2df7518737_confirmedsuccess">
    <iscustomizable>1</iscustomizable>
  </botcomponent_botcomponent>
  <botcomponent_botcomponent botcomponentidone.schemaname="new_topic_f4470e3509a54c2084eb8ce2456fe23a_ba7b967c97ba4c39bca58a8bb6a72d59_conversationstart" botcomponentidtwo.schemaname="new_bot_f4470e3509a54c2084eb8ce2456fe23a.ShowSSMLmessage.dialog">
    <iscustomizable>1</iscustomizable>
  </botcomponent_botcomponent>
  <botcomponent_botcomponent botcomponentidone.schemaname="new_topic_f4470e3509a54c2084eb8ce2456fe23a_d2198a5ee41a48a5bf70ab8970145a9f_confirmedfailure" botcomponentidtwo.schemaname="new_topic_f4470e3509a54c2084eb8ce2456fe23a_954135cafcd647eaae5999ad91fc08cf_talktoagent">
    <iscustomizable>1</iscustomizable>
  </botcomponent_botcomponent>
  <botcomponent_botcomponent botcomponentidone.schemaname="new_topic_f4470e3509a54c2084eb8ce2456fe23a_db1f76b081dc43389df9dd2df7518737_confirmedsuccess" botcomponentidtwo.schemaname="new_customtype_f4470e3509a54c2084eb8ce2456fe23a_92610204747047ac8f788f7eecd91118">
    <iscustomizable>1</iscustomizable>
  </botcomponent_botcomponent>
  <botcomponent_botcomponent botcomponentidone.schemaname="new_topic_f4470e3509a54c2084eb8ce2456fe23a_db1f76b081dc43389df9dd2df7518737_confirmedsuccess" botcomponentidtwo.schemaname="new_topic_f4470e3509a54c2084eb8ce2456fe23a_f56d1a3e522740c78f9fac0939332dbd_goodbye">
    <iscustomizable>1</iscustomizable>
  </botcomponent_botcomponent>
  <botcomponent_botcomponent botcomponentidone.schemaname="new_topic_f4470e3509a54c2084eb8ce2456fe23a_dbafebd526364487911b63a2a774389f" botcomponentidtwo.schemaname="new_topic_f4470e3509a54c2084eb8ce2456fe23a_aeabea4d071f415c8c107e1cb7af5424_assumedsuccess">
    <iscustomizable>1</iscustomizable>
  </botcomponent_botcomponent>
  <botcomponent_botcomponent botcomponentidone.schemaname="new_topic_f4470e3509a54c2084eb8ce2456fe23a_f56d1a3e522740c78f9fac0939332dbd_goodbye" botcomponentidtwo.schemaname="new_bot_f4470e3509a54c2084eb8ce2456fe23a.vaicDisconnectCall.dialog">
    <iscustomizable>1</iscustomizable>
  </botcomponent_botcomponent>
  <botcomponent_botcomponent botcomponentidone.schemaname="new_topic_f54f845d7c0a4d50bb231ab120b47274" botcomponentidtwo.schemaname="new_bot_f4470e3509a54c2084eb8ce2456fe23a.ShowSSMLmessage.dialog">
    <iscustomizable>1</iscustomizable>
  </botcomponent_botcomponent>
</botcomponent_botcomponentset>