{
  "intents": [
    {
      "triggerQueries": [
        "how to transfer call"
      ],
      "dialogId": "new_topic_df94884f369346b3a86d6554618eacea",
      "isTriggeringEnabled": true,
      "id": "new_topic_df94884f369346b3a86d6554618eacea",
      "displayName": "HowToTransferCall",
      "createdTime": "2022-03-25T20:41:21.2880343Z",
      "updatedTime": "2022-03-31T18:03:21.298509Z",
      "createdUserId": "23c5758b-fc82-4e7c-b322-2cd3b1cb5a74",
      "updatedUserId": "23c5758b-fc82-4e7c-b322-2cd3b1cb5a74"
    }
  ],
  "dialogs": [
    {
      "rootNodeId": "7aff7d2c-228f-4bb1-abb4-de2ecf1e5ba3",
      "messageNodes": [
        {
          "botMessageId": "c61e7bd7-762a-4ecb-949f-16ed88cefcdc",
          "nodeType": "BotMessageNode",
          "id": "8ddf881e-2a59-4549-b886-580f3555a2bf",
          "defaultTargetNodeId": "f6d5eacd-2807-4f76-828a-a4975089407f"
        }
      ],
      "dialogChangeNodes": [
        {
          "targetDialogId": "new_bot_f4470e3509a54c2084eb8ce2456fe23a.vaicTransferCall.dialog",
          "nodeType": "DialogChangeNode",
          "inputParameterVariableIdMap": {
            "number": "{8b9a5476-37b8-41fc-99b6-fb34e6515260}"
          },
          "id": "f6d5eacd-2807-4f76-828a-a4975089407f"
        },
        {
          "targetDialogId": "new_bot_f4470e3509a54c2084eb8ce2456fe23a.SetProperty.dialog",
          "nodeType": "DialogChangeNode",
          "inputParameterVariableIdMap": {
            "value": "13015551212"
          },
          "outputExpressionVariableIds": [
            "8b9a5476-37b8-41fc-99b6-fb34e6515260"
          ],
          "id": "7aff7d2c-228f-4bb1-abb4-de2ecf1e5ba3",
          "defaultTargetNodeId": "8ddf881e-2a59-4549-b886-580f3555a2bf"
        }
      ],
      "id": "new_topic_df94884f369346b3a86d6554618eacea",
      "displayName": "Untitled",
      "createdTime": "2022-03-25T20:41:21.2880343Z",
      "updatedTime": "2022-03-31T18:03:21.298509Z",
      "createdUserId": "23c5758b-fc82-4e7c-b322-2cd3b1cb5a74",
      "updatedUserId": "23c5758b-fc82-4e7c-b322-2cd3b1cb5a74"
    }
  ],
  "botMessages": [
    {
      "channelContent": {
        "web": {
          "contentFormat": "Markdown",
          "content": "Transferring call to {8b9a5476-37b8-41fc-99b6-fb34e6515260}"
        }
      },
      "id": "c61e7bd7-762a-4ecb-949f-16ed88cefcdc",
      "createdTime": "2022-03-25T20:40:14.162Z",
      "updatedTime": "2022-03-25T20:40:14.162Z",
      "createdUserId": "user-0",
      "updatedUserId": "user-0"
    }
  ],
  "contextVariables": [
    {
      "systemType": "String",
      "initializerType": "Expression",
      "scope": "Dialog",
      "greedySlotFillingEnabled": false,
      "isInput": false,
      "externalInitializationAllowed": false,
      "expression": "{result.value}",
      "isGlobal": false,
      "id": "8b9a5476-37b8-41fc-99b6-fb34e6515260",
      "displayName": "numberToCall",
      "createdTime": "2022-03-31T17:38:42.318Z",
      "updatedTime": "2022-03-31T18:03:21.298509Z",
      "createdUserId": "user-0",
      "updatedUserId": "23c5758b-fc82-4e7c-b322-2cd3b1cb5a74"
    }
  ]
}