{
  "intents": [
    {
      "triggerQueries": [
        "composer topics version number"
      ],
      "dialogId": "new_topic_84596e8ef5314f70aa3f4cd03f99fac4",
      "isTriggeringEnabled": true,
      "id": "new_topic_84596e8ef5314f70aa3f4cd03f99fac4",
      "displayName": "composerTopicsVersion",
      "createdTime": "2022-03-25T03:16:05.1231684Z",
      "updatedTime": "2022-03-31T17:54:09.3225589Z",
      "createdUserId": "23c5758b-fc82-4e7c-b322-2cd3b1cb5a74",
      "updatedUserId": "23c5758b-fc82-4e7c-b322-2cd3b1cb5a74"
    }
  ],
  "dialogs": [
    {
      "rootNodeId": "d4e1639e-d9be-4793-bd82-2c025b79e2d2",
      "messageNodes": [
        {
          "botMessageId": "26a00070-359b-482d-b070-7ab745f95e4d",
          "nodeType": "BotMessageNode",
          "id": "3edd1ce6-9224-4c83-bd37-7148da703d68"
        }
      ],
      "dialogChangeNodes": [
        {
          "targetDialogId": "new_bot_f4470e3509a54c2084eb8ce2456fe23a.ComposerTopicsVersionNumber.dialog",
          "nodeType": "DialogChangeNode",
          "outputExpressionVariableIds": [
            "dd73ec47-1e1d-49b0-9d29-6b9c5a62c32d"
          ],
          "id": "d4e1639e-d9be-4793-bd82-2c025b79e2d2",
          "defaultTargetNodeId": "3edd1ce6-9224-4c83-bd37-7148da703d68"
        }
      ],
      "id": "new_topic_84596e8ef5314f70aa3f4cd03f99fac4",
      "displayName": "Untitled",
      "createdTime": "2022-03-25T03:16:05.1231684Z",
      "updatedTime": "2022-03-31T17:54:09.3225589Z",
      "createdUserId": "23c5758b-fc82-4e7c-b322-2cd3b1cb5a74",
      "updatedUserId": "23c5758b-fc82-4e7c-b322-2cd3b1cb5a74"
    }
  ],
  "botMessages": [
    {
      "channelContent": {
        "web": {
          "contentFormat": "Markdown",
          "content": "Composer topics version number is {dd73ec47-1e1d-49b0-9d29-6b9c5a62c32d}"
        }
      },
      "id": "26a00070-359b-482d-b070-7ab745f95e4d",
      "createdTime": "2022-03-25T03:14:59.287Z",
      "updatedTime": "2022-03-25T03:14:59.287Z",
      "createdUserId": "user-0",
      "updatedUserId": "user-0"
    }
  ],
  "contextVariables": [
    {
      "systemType": "String",
      "initializerType": "Expression",
      "scope": "Dialog",
      "greedySlotFillingEnabled": false,
      "isInput": false,
      "externalInitializationAllowed": false,
      "expression": "{result.versionNumber}",
      "isGlobal": false,
      "id": "dd73ec47-1e1d-49b0-9d29-6b9c5a62c32d",
      "displayName": "versionNumber",
      "createdTime": "2022-03-25T03:16:05.1231684Z",
      "updatedTime": "2022-03-31T17:54:09.3225589Z",
      "createdUserId": "23c5758b-fc82-4e7c-b322-2cd3b1cb5a74",
      "updatedUserId": "23c5758b-fc82-4e7c-b322-2cd3b1cb5a74"
    }
  ]
}