{
  "intents": [
    {
      "triggerQueries": [
        "assistant version number"
      ],
      "dialogId": "new_topic_3a346272838048c3881b7a215280341e",
      "isTriggeringEnabled": true,
      "id": "new_topic_3a346272838048c3881b7a215280341e",
      "displayName": "assistantVersion",
      "createdTime": "2022-03-31T17:47:06.5532343Z",
      "updatedTime": "2022-03-31T18:03:45.3923813Z",
      "createdUserId": "23c5758b-fc82-4e7c-b322-2cd3b1cb5a74",
      "updatedUserId": "23c5758b-fc82-4e7c-b322-2cd3b1cb5a74"
    }
  ],
  "dialogs": [
    {
      "rootNodeId": "bf58b236-d424-4c78-924f-7fc728da167e",
      "messageNodes": [
        {
          "botMessageId": "e0cb84d7-16c5-43c2-bd41-dafd6d663a2b",
          "nodeType": "BotMessageNode",
          "id": "bf58b236-d424-4c78-924f-7fc728da167e"
        }
      ],
      "id": "new_topic_3a346272838048c3881b7a215280341e",
      "displayName": "Untitled",
      "createdTime": "2022-03-31T17:47:06.5532343Z",
      "updatedTime": "2022-03-31T18:03:45.3923813Z",
      "createdUserId": "23c5758b-fc82-4e7c-b322-2cd3b1cb5a74",
      "updatedUserId": "23c5758b-fc82-4e7c-b322-2cd3b1cb5a74"
    }
  ],
  "botMessages": [
    {
      "channelContent": {
        "web": {
          "contentFormat": "Markdown",
          "content": "assistant version number is 1.0.2"
        }
      },
      "id": "e0cb84d7-16c5-43c2-bd41-dafd6d663a2b",
      "createdTime": "2022-03-31T17:45:46.195Z",
      "updatedTime": "2022-03-31T17:45:46.195Z"
    }
  ]
}