{
  "intents": [
    {
      "triggerQueries": [
        "How to change voice"
      ],
      "dialogId": "new_topic_9f710f881be14c9e966fa7bcb97bbeae",
      "isTriggeringEnabled": true,
      "id": "new_topic_9f710f881be14c9e966fa7bcb97bbeae",
      "displayName": "HowToChangeVoice",
      "createdTime": "2022-03-28T02:27:28.5518967Z",
      "updatedTime": "2022-03-30T05:17:17.6567771Z",
      "createdUserId": "23c5758b-fc82-4e7c-b322-2cd3b1cb5a74",
      "updatedUserId": "23c5758b-fc82-4e7c-b322-2cd3b1cb5a74"
    }
  ],
  "dialogs": [
    {
      "rootNodeId": "e77dd274-468c-4f28-af67-276c4ce70579",
      "messageNodes": [
        {
          "botMessageId": "5febf5e5-aa38-4db5-8491-7e032fa98983",
          "nodeType": "BotMessageNode",
          "id": "e77dd274-468c-4f28-af67-276c4ce70579",
          "defaultTargetNodeId": "95aa3659-80e3-4aac-8c2a-b881bb7fd568"
        },
        {
          "botMessageId": "f26c764f-18ae-44aa-a97e-b46dc5495b14",
          "nodeType": "BotMessageNode",
          "id": "eb5952c4-e899-488a-82da-896ad3a70307"
        }
      ],
      "dialogChangeNodes": [
        {
          "targetDialogId": "new_bot_f4470e3509a54c2084eb8ce2456fe23a.vaicChangeSetting.dialog",
          "nodeType": "DialogChangeNode",
          "inputParameterVariableIdMap": {
            "voiceName": "en-AU-NatashaNeural"
          },
          "id": "95aa3659-80e3-4aac-8c2a-b881bb7fd568",
          "defaultTargetNodeId": "eb5952c4-e899-488a-82da-896ad3a70307"
        }
      ],
      "id": "new_topic_9f710f881be14c9e966fa7bcb97bbeae",
      "displayName": "Untitled",
      "createdTime": "2022-03-28T02:27:28.5518967Z",
      "updatedTime": "2022-03-30T05:17:17.6567771Z",
      "createdUserId": "23c5758b-fc82-4e7c-b322-2cd3b1cb5a74",
      "updatedUserId": "23c5758b-fc82-4e7c-b322-2cd3b1cb5a74"
    }
  ],
  "botMessages": [
    {
      "channelContent": {
        "web": {
          "contentFormat": "Markdown",
          "content": "Changing voice now"
        }
      },
      "id": "5febf5e5-aa38-4db5-8491-7e032fa98983",
      "createdTime": "2022-03-30T05:14:52.712Z",
      "updatedTime": "2022-03-30T05:14:52.712Z",
      "createdUserId": "user-0",
      "updatedUserId": "user-0"
    },
    {
      "channelContent": {
        "web": {
          "contentFormat": "Markdown",
          "content": "Now I should be speaking with an Australian voice?"
        }
      },
      "id": "f26c764f-18ae-44aa-a97e-b46dc5495b14",
      "createdTime": "2022-03-30T05:15:50.172Z",
      "updatedTime": "2022-03-30T05:15:50.172Z",
      "createdUserId": "user-0",
      "updatedUserId": "user-0"
    }
  ]
}