<botcomponent schemaname="new_bot_f4470e3509a54c2084eb8ce2456fe23a.ComposerTopicsVersionNumber.dialog.en_US.lu">
  <componenttype>6</componenttype>
  <iscustomizable>1</iscustomizable>
  <language>1033</language>
  <name>ComposerTopicsVersionNumber (en-us.lu)</name>
  <parentbotcomponentid>
    <schemaname>new_bot_f4470e3509a54c2084eb8ce2456fe23a.ComposerTopicsVersionNumber.dialog</schemaname>
  </parentbotcomponentid>
  <statecode>0</statecode>
  <statuscode>1</statuscode>
</botcomponent>