{
  "properties": {
    "connectionReferences": {},
    "definition": {
      "$schema": "https://schema.management.azure.com/providers/Microsoft.Logic/schemas/2016-06-01/workflowdefinition.json#",
      "contentVersion": "1.0.0.0",
      "parameters": {
        "$authentication": {
          "defaultValue": {},
          "type": "SecureObject"
        }
      },
      "triggers": {
        "manual": {
          "metadata": {
            "operationMetadataId": "35475c83-baf6-4f11-b19b-d89ec8b2a4c5"
          },
          "type": "Request",
          "kind": "VirtualAgent",
          "inputs": {
            "schema": {
              "type": "object",
              "properties": {
                "text": {
                  "title": "orderId",
                  "type": "string",
                  "x-ms-dynamically-added": true,
                  "description": "Please enter your input",
                  "x-ms-content-hint": "TEXT"
                }
              },
              "required": [
                "text"
              ]
            }
          }
        }
      },
      "actions": {
        "Return_value(s)_to_Power_Virtual_Agents": {
          "runAfter": {
            "HTTP": [
              "Succeeded"
            ]
          },
          "metadata": {
            "operationMetadataId": "b5e36a85-01a2-4d47-9b93-1e67c945d3de"
          },
          "type": "Response",
          "kind": "VirtualAgent",
          "inputs": {
            "statusCode": 200,
            "body": {
              "ordersummary": "@{body('HTTP')}"
            },
            "schema": {
              "type": "object",
              "properties": {
                "ordersummary": {
                  "title": "orderSummary",
                  "x-ms-dynamically-added": true,
                  "type": "string"
                }
              }
            }
          }
        },
        "HTTP": {
          "runAfter": {},
          "metadata": {
            "operationMetadataId": "15c6b0f8-5bfc-464e-83a3-4c4183c39ef8"
          },
          "type": "Http",
          "inputs": {
            "method": "GET",
            "uri": "https://contosocustomerservice.azurewebsites.net/api/OrderSummary?@{triggerBody()['text']}",
            "headers": {
              "Content-Type": "application/json"
            }
          }
        }
      },
      "outputs": {}
    }
  },
  "schemaVersion": "1.0.0.0"
}