{
  "intents": [
    {
      "triggerQueries": [
        "how to pause recording"
      ],
      "dialogId": "new_topic_2901401d0936408d93a97d1bd09b8ace",
      "isTriggeringEnabled": true,
      "id": "new_topic_2901401d0936408d93a97d1bd09b8ace",
      "displayName": "HowToPauseRecording",
      "createdTime": "2022-03-28T13:41:20.095691Z",
      "updatedTime": "2022-03-28T13:41:20.095691Z",
      "createdUserId": "23c5758b-fc82-4e7c-b322-2cd3b1cb5a74",
      "updatedUserId": "23c5758b-fc82-4e7c-b322-2cd3b1cb5a74"
    }
  ],
  "dialogs": [
    {
      "rootNodeId": "da1d662c-6855-4651-a3ba-752e0453a3cf",
      "dialogChangeNodes": [
        {
          "targetDialogId": "new_bot_f4470e3509a54c2084eb8ce2456fe23a.GetConversationId.dialog",
          "nodeType": "DialogChangeNode",
          "outputExpressionVariableIds": [
            "d77d186f-8d41-429e-9497-2fe56a297272"
          ],
          "id": "da1d662c-6855-4651-a3ba-752e0453a3cf",
          "defaultTargetNodeId": "8d774ede-83e0-4ddf-9366-eb6c4e769a68"
        },
        {
          "targetDialogId": "new_bot_f4470e3509a54c2084eb8ce2456fe23a.vaicRecord.dialog",
          "nodeType": "DialogChangeNode",
          "inputParameterVariableIdMap": {
            "action": "pause",
            "recordingId": "{d77d186f-8d41-429e-9497-2fe56a297272}"
          },
          "id": "8d774ede-83e0-4ddf-9366-eb6c4e769a68"
        }
      ],
      "id": "new_topic_2901401d0936408d93a97d1bd09b8ace",
      "displayName": "Untitled",
      "createdTime": "2022-03-28T13:41:20.095691Z",
      "updatedTime": "2022-03-28T13:41:20.095691Z",
      "createdUserId": "23c5758b-fc82-4e7c-b322-2cd3b1cb5a74",
      "updatedUserId": "23c5758b-fc82-4e7c-b322-2cd3b1cb5a74"
    }
  ],
  "contextVariables": [
    {
      "systemType": "String",
      "initializerType": "Expression",
      "scope": "Dialog",
      "greedySlotFillingEnabled": false,
      "isInput": false,
      "externalInitializationAllowed": false,
      "expression": "{result.conversationId}",
      "isGlobal": false,
      "id": "d77d186f-8d41-429e-9497-2fe56a297272",
      "displayName": "conversationId",
      "createdTime": "2022-03-28T13:41:20.095691Z",
      "updatedTime": "2022-03-28T13:41:20.095691Z",
      "createdUserId": "23c5758b-fc82-4e7c-b322-2cd3b1cb5a74",
      "updatedUserId": "23c5758b-fc82-4e7c-b322-2cd3b1cb5a74"
    }
  ]
}