{
  "intents": [
    {
      "triggerQueries": [
        "how to send speech markup"
      ],
      "dialogId": "new_topic_f54f845d7c0a4d50bb231ab120b47274",
      "isTriggeringEnabled": true,
      "id": "new_topic_f54f845d7c0a4d50bb231ab120b47274",
      "displayName": "HowToSendSSML",
      "createdTime": "2022-03-24T23:13:55.9729663Z",
      "updatedTime": "2022-03-30T18:50:05.3458188Z",
      "createdUserId": "23c5758b-fc82-4e7c-b322-2cd3b1cb5a74",
      "updatedUserId": "23c5758b-fc82-4e7c-b322-2cd3b1cb5a74"
    }
  ],
  "dialogs": [
    {
      "rootNodeId": "82adeabd-9b94-429d-a518-75356f8198fa",
      "dialogChangeNodes": [
        {
          "targetDialogId": "new_bot_f4470e3509a54c2084eb8ce2456fe23a.ShowSSMLmessage.dialog",
          "nodeType": "DialogChangeNode",
          "inputParameterVariableIdMap": {
            "altText": "[playing audio logo now]",
            "ssml": "<audio src=\"https://soundlogos.blob.core.windows.net/soundlogos/audiologo.wav\"/>"
          },
          "id": "82adeabd-9b94-429d-a518-75356f8198fa"
        }
      ],
      "id": "new_topic_f54f845d7c0a4d50bb231ab120b47274",
      "displayName": "Untitled",
      "createdTime": "2022-03-24T23:13:55.9729663Z",
      "updatedTime": "2022-03-30T18:50:05.3458188Z",
      "createdUserId": "23c5758b-fc82-4e7c-b322-2cd3b1cb5a74",
      "updatedUserId": "23c5758b-fc82-4e7c-b322-2cd3b1cb5a74"
    }
  ]
}